{
  "c1_centralized": {
    "passed": true,
    "gaps": [
      11.365949999999884,
      0.12197500000000144,
      0.14069375000000062
    ],
    "prods": [
      13.516468608765038,
      0.20513668050114608,
      0.33462801707282963
    ]
  },
  "c2_storm": {
    "passed": true,
    "gaps": [
      11.74314999999988,
      0.11435000000000116,
      0.1450625000000006
    ],
    "prods": [
      21.71673875131239,
      0.33568569250517066,
      0.6759872176981038
    ]
  },
  "c3_distributed": {
    "passed": true,
    "gap_dist": 0.0533500000000004,
    "gap_cent": 0.12197500000000144
  },
  "c4_distributed_vr": {
    "passed": true,
    "gap_dvr": 0.055424999999999815,
    "gap_dist": 0.0533500000000004
  },
  "c5_sign_compressed": {
    "passed": true,
    "gap_sc": 0.0955749999999993
  },
  "c6_bidirectional_vr": {
    "passed": true,
    "gap": 0.1350749999999987
  }
}